CustomerID,Age,Gender,Region,Annual_Income,Membership_Years,Engagement_Score,Avg_Session_Minutes,Purchase_Frequency,Discount_Usage_Rate,Total_Spend,Purchased
CUST1387,48,M,North,53636.13,1,58.1,8.27,3,0.22,1993.6,1
CUST1269,49,Female,West,49066.89,5,4.3,33.74,2,0.26,534.27,1
CUST1010,28,Male,North,42505.37,6,65.9,1.24,4,0.27,2227.27,1
CUST1296,65,Male,East,69626.09,0,29.0,22.69,6,0.14,3730.31,1
CUST1027,39,Male,West,50171.26,10,,5.05,4,0.01,3064.69,1
CUST1445,49,Male,East,49604.71,3,76.8,13.13,2,0.88,2620.54,1
CUST1539,48,Male,North,41682.26,2,34.3,12.43,4,0.68,2144.21,1
CUST1085,31,Female,West,51450.01,6,57.6,,3,0.17,1926.41,1
CUST1654,42,Female,West,83236.76,9,72.1,6.32,4,0.9,1795.0,1
CUST1186,37,Male,North,13796.9,5,53.9,11.87,2,0.56,1610.02,1
CUST1746,52,Male,South,69444.48,11,57.8,1.36,4,0.39,2507.95,1
CUST1065,53,Female,East,38581.69,0,41.4,1.95,4,0.97,2442.19,0
CUST1579,68,Male,West,37083.6,3,45.6,21.98,3,0.73,3043.9,1
CUST1761,29,Male,South,28683.35,2,28.7,3.61,3,0.38,1782.3,1
CUST1102,42,Male,North,60285.99,9,23.7,3.81,4,0.63,2746.31,1
CUST1770,25,Male,West,33607.24,3,70.2,10.91,3,0.46,3009.17,1
CUST1103,24,male,East,46202.14,6,38.4,5.92,4,0.89,1485.74,1
CUST1303,52,Female,West,56108.24,6,65.2,,3,0.62,3522.0,1
CUST1214,58,Male,West,67925.77,11,54.6,7.96,0,0.98,1974.3,1
CUST1137,52,Male,South,63902.2,1,40.1,12.21,3,0.98,1529.42,1
CUST1211,49,Male,West,48060.31,5,80.1,1.8,6,0.39,2974.75,1
CUST1729,45,Female,South,63710.06,8,46.3,1.14,2,0.3,1844.05,1
CUST1472,52,Male,North,56956.04,7,68.3,7.56,1,0.34,1462.15,1
CUST1216,66,Female,East,33799.86,3,27.2,7.35,4,0.79,1607.46,1
CUST1610,65,Male,West,61695.28,7,42.7,4.01,2,0.81,2291.34,1
CUST1593,24,Female,North,55856.86,9,45.6,9.48,1,0.1,3175.13,0
CUST1794,35,Female,East,91885.22,4,64.6,12.69,5,0.84,4350.25,1
CUST1565,29,Male,North,57776.45,8,38.5,12.88,3,0.81,3432.18,1
CUST1621,66,Female,East,81974.17,7,72.1,10.91,3,0.67,4521.6,1
CUST1123,26,Male,West,25516.11,11,45.6,2.9,0,0.13,1119.19,1
CUST1294,19,Female,West,101284.7,6,64.2,15.02,2,0.2,3360.77,1
CUST1051,67,Male,West,80554.11,2,39.2,6.55,0,0.31,0.0,0
CUST1453,69,Female,North,69433.43,9,46.7,5.03,3,0.5,3807.12,1
CUST1144,18,Male,North,68756.54,1,53.6,10.54,3,0.14,3507.49,1
CUST1351,63,Male,North,43368.23,3,53.8,30.27,1,0.74,2948.26,1
CUST1512,46,Female,North,54250.81,3,92.5,36.74,1,0.68,2203.35,1
CUST1080,31,Male,East,48256.1,8,27.2,1.64,3,0.58,2317.2,1
CUST1048,21,Female,East,89306.33,3,70.1,2.25,2,0.76,3017.77,1
CUST1548,41,Male,South,45233.11,9,48.8,1.37,1,0.05,1736.44,1
CUST1177,45,Male,South,47829.28,3,65.5,1.11,1,0.97,3256.61,1
CUST1229,19,Female,North,46082.99,3,20.3,3.39,2,0.15,1825.61,1
CUST1327,63,Male,South,61005.58,5,69.1,2.19,4,0.52,2084.53,1
CUST1124,25,Male,West,63938.41,10,51.7,3.98,4,0.76,3371.84,1
CUST1665,48,Female,North,79989.63,0,35.0,2.97,3,0.02,2361.8,1
CUST1061,64,Female,South,35166.61,0,24.9,10.99,5,0.31,4221.41,1
CUST1146,43,Female,West,70874.74,3,27.6,22.64,3,0.91,1494.45,1
CUST1264,36,Male,South,44590.35,11,28.1,14.89,2,0.48,3350.16,1
CUST1362,47,Male,East,61688.69,8,71.9,1.5,4,0.51,2421.24,1
CUST1737,49,Male,East,60022.55,1,49.2,9.49,2,0.63,1372.71,1
CUST1238,61,Male,North,66091.88,3,31.4,10.98,2,0.1,1748.6,1
CUST1728,30,Male,East,42025.77,10,70.2,2.83,3,0.86,2352.41,1
CUST1514,45,Female,East,45245.82,1,66.8,3.33,4,0.23,3150.03,1
CUST1346,65,Female,South,53758.35,2,,1.93,0,0.72,946.48,1
CUST1163,47,Female,South,51594.26,2,40.6,18.07,4,0.44,3828.77,1
CUST1121,45,Female,East,70115.45,11,44.4,7.98,5,0.61,3719.95,1
CUST1439,68,Male,West,65221.36,8,72.2,1.83,8,0.08,5166.77,1
CUST1498,62,Male,North,64804.01,7,75.2,5.17,2,0.77,1624.6,1
CUST1533,40,Female,North,43755.28,9,54.0,13.33,1,0.93,1465.06,1
CUST1041,54,Female,East,91944.15,9,76.0,13.39,5,0.03,3790.93,1
CUST1324,42,Female,South,57995.47,1,77.3,9.14,3,0.51,3437.22,1
CUST1028,61,Female,South,45677.58,6,39.5,6.77,1,0.02,1959.67,0
CUST1195,69,Female,East,83494.55,4,26.7,1.35,4,0.75,4053.03,1
CUST1554,44,Male,South,21758.1,8,34.8,2.05,2,0.23,1228.26,0
CUST1469,69,Male,West,28002.94,6,51.6,6.92,1,0.96,2083.71,0
CUST1627,47,Female,East,47367.31,2,34.1,1.04,3,0.17,3590.27,1
CUST1045,26,Female,West,90303.46,9,43.6,15.35,0,0.04,3545.83,1
CUST1304,36,Male,West,24521.21,11,83.3,26.99,3,0.68,2794.79,1
CUST1108,25,Female,West,48703.89,3,42.4,5.49,1,0.24,1563.52,1
CUST1673,64,Male,West,52488.9,2,22.1,7.58,3,0.7,2642.13,0
CUST1692,55,Male,East,52057.59,3,82.7,12.03,1,0.56,2912.4,1
CUST1666,22,Male,South,84879.06,10,26.6,1.12,3,0.09,3167.48,1
CUST1487,40,Male,North,51387.17,2,35.5,17.3,4,0.38,3481.39,1
CUST1614,56,Female,East,64325.2,2,13.5,7.23,7,0.72,4131.63,1
CUST1155,30,Female,West,44120.54,9,39.9,12.99,2,0.27,2658.18,0
CUST1081,48,Male,North,40263.81,8,90.3,17.49,4,0.08,3929.78,1
CUST1457,60,Female,South,71705.76,10,89.3,2.69,4,0.51,3926.87,1
CUST1678,34,Male,West,59827.9,4,53.4,1.83,2,0.18,606.26,1
CUST1646,48,Male,North,79919.96,3,98.4,1.91,1,0.57,2277.84,1
CUST1574,-30,Female,South,29329.74,7,58.2,9.43,5,0.93,3666.02,1
CUST1693,36,Female,North,34386.81,5,7.1,7.59,5,0.52,799.18,1
CUST1636,66,Male,West,46185.41,10,36.9,13.27,5,0.93,4348.35,1
CUST1612,35,Male,West,57632.46,1,59.8,1.75,6,0.19,4508.61,1
CUST1490,18,Female,West,50761.78,6,62.6,22.54,2,0.46,2455.75,1
CUST1209,41,Male,East,58280.33,5,32.1,4.74,2,0.93,2316.48,1
CUST1237,19,Female,South,42572.81,1,59.3,5.29,2,0.05,1572.37,1
CUST1270,24,Male,North,46935.51,10,52.5,13.36,1,0.01,3665.62,1
CUST1467,62,Male,South,76495.28,7,65.8,23.56,1,0.22,3160.77,1
CUST1073,46,Female,North,73815.63,5,44.0,14.11,4,0.33,4273.98,1
CUST1522,29,Female,North,37158.75,0,50.4,4.78,0,0.34,1502.88,1
CUST1190,42,Male,South,39126.18,0,79.6,5.79,1,0.89,1658.08,1
CUST1078,27,Female,South,69148.61,10,34.3,3.35,0,0.49,1444.87,1
CUST1101,18,Female,West,25136.35,5,27.2,1.11,2,0.62,1917.85,1
CUST1732,50,Female,East,54070.69,1,36.5,5.37,3,0.75,3052.13,0
CUST1549,33,Female,East,70787.84,4,72.5,9.32,4,0.85,4652.61,1
CUST1322,42,Male,North,48394.48,4,64.8,4.96,4,0.15,4147.55,1
CUST1046,56,Female,South,50261.65,10,65.6,,2,0.99,2693.03,1
CUST1004,60,Female,North,,9,44.0,10.65,3,0.8,2918.66,1
CUST1492,64,Female,South,64919.22,11,85.4,3.62,4,0.04,2296.95,1
CUST1542,49,Female,North,75458.89,7,52.2,22.89,7,0.38,3558.03,1
CUST1288,24,Male,South,56145.4,8,53.4,9.79,1,0.19,19293.52,0
CUST1243,21,Male,East,50547.38,8,43.1,16.82,3,0.93,1719.35,1
CUST1695,65,Male,South,57072.73,5,10.7,5.41,1,0.58,1279.2,1
CUST1642,-26,Female,North,63680.89,5,57.4,4.53,5,0.27,2290.61,1
CUST1247,41,Female,East,54307.15,0,29.4,7.53,6,0.96,2800.44,1
CUST1371,52,Female,South,52870.18,7,74.7,25.55,5,0.69,3279.11,1
CUST1630,37,Female,West,65281.49,0,51.8,9.34,2,0.99,2002.22,1
CUST1733,55,Female,East,58538.48,0,45.3,8.36,2,0.63,2831.82,0
CUST1201,25,Male,South,88136.98,10,25.9,4.75,2,0.83,2288.03,1
CUST1715,56,Male,South,68893.88,9,70.3,1.43,2,0.56,3128.64,1
CUST1091,35,Female,South,56242.1,6,42.4,19.71,1,0.01,2439.04,0
CUST1086,40,Male,North,32931.05,4,40.2,9.0,1,0.75,1780.75,0
CUST1663,56,M,East,66206.01,5,33.5,4.51,3,0.01,1979.23,1
CUST1452,66,Male,South,43326.07,1,63.5,34.2,2,0.6,1588.58,1
CUST1333,53,Male,South,84173.82,7,49.8,8.71,2,0.36,2565.84,1
CUST1389,50,Female,South,43139.83,10,46.3,30.9,2,0.43,1705.54,1
CUST1126,51,Female,North,51287.7,7,66.6,3.23,3,0.9,2940.32,1
CUST1390,69,Male,West,66947.27,5,91.0,10.2,1,0.82,4311.68,1
CUST1016,20,Male,North,83730.57,7,86.6,5.42,3,0.46,3264.23,1
CUST1744,54,F,East,61163.7,9,49.5,6.74,1,0.5,2175.8,1
CUST1157,49,Female,South,57871.6,6,31.4,16.58,1,0.64,1094.98,0
CUST1397,42,Female,South,79623.74,2,15.2,10.4,4,0.78,1582.99,0
CUST1058,24,Female,South,63731.69,2,37.9,1.23,3,1.0,1113.9,1
CUST1328,35,Female,North,53842.73,5,92.2,7.92,3,0.3,2875.23,1
CUST1725,56,Female,South,57170.62,3,41.3,12.48,4,0.65,3282.58,1
CUST1450,39,Female,North,50588.75,9,73.0,17.66,6,0.27,2983.54,1
CUST1459,50,Male,East,55977.74,1,53.1,,1,0.28,588.14,1
CUST1415,57,Male,West,78353.31,3,53.8,23.83,3,0.32,4254.27,1
CUST1528,56,Female,South,33662.44,6,56.0,3.16,4,0.62,1929.03,1
CUST1352,47,Female,West,71404.77,6,59.3,1.58,1,0.81,2270.97,1
CUST1691,54,Female,North,44380.39,8,72.8,13.47,2,0.87,2385.27,1
CUST1206,68,Female,North,95629.57,3,68.4,4.81,3,0.32,3783.44,1
CUST1349,39,Female,East,60655.67,10,42.9,1.45,5,0.59,2811.84,1
CUST1759,40,M,East,30973.53,0,59.8,7.07,1,0.67,1679.77,0
CUST1530,50,Female,South,68867.65,8,53.3,24.15,4,0.3,3320.99,1
CUST1197,58,Male,East,67973.91,10,30.4,1.58,6,0.78,3974.53,1
CUST1632,42,Male,North,,0,21.9,2.56,6,0.93,3996.73,1
CUST1532,54,Female,South,,7,59.0,21.67,3,0.22,3229.17,1
CUST1491,18,Female,North,56838.32,0,25.5,11.83,2,0.49,1622.69,0
CUST1175,68,Male,East,69848.2,8,52.4,5.15,1,0.01,2024.0,1
CUST1373,34,Female,East,34855.93,8,43.2,8.03,1,0.3,1011.14,1
CUST1582,40,Female,South,60336.26,7,59.3,12.07,1,0.37,1747.83,1
CUST1246,55,Female,North,70129.49,3,59.0,11.96,5,0.34,2668.25,1
CUST1233,49,F,South,35211.6,1,46.6,16.32,4,0.43,1394.49,1
CUST1703,62,Female,West,72465.38,3,100.0,6.93,5,0.05,3009.76,1
CUST1039,69,Female,East,59326.32,9,54.3,16.72,2,0.46,2521.25,0
CUST1537,51,Male,West,54251.74,11,39.1,,4,0.37,2952.8,1
CUST1031,44,Male,East,100706.64,4,35.4,3.76,2,0.81,3829.56,1
CUST1395,20,Female,West,,6,29.3,2.79,0,0.04,1234.74,0
CUST1291,65,Male,North,15862.18,8,26.3,14.4,4,0.99,1043.53,1
CUST1180,62,Male,South,13125.67,1,40.2,1.13,2,0.97,0.0,1
CUST1689,22,Female,North,43160.09,0,27.7,3.02,5,0.39,2701.7,1
CUST1501,56,Male,North,66483.52,11,65.8,7.88,6,0.96,3198.18,1
CUST1112,34,Male,South,101319.85,0,60.8,13.46,2,0.51,5339.02,1
CUST1400,20,Male,South,57608.87,0,61.1,23.61,2,0.96,2901.74,1
CUST1132,52,Female,North,65194.12,11,61.2,5.29,4,0.96,3822.5,1
CUST1722,45,Female,West,35819.85,3,36.7,2.61,0,0.53,1732.64,0
CUST1194,44,Female,East,63632.46,8,66.8,23.85,1,0.16,2601.28,0
CUST1642,-26,Female,North,63680.89,5,57.4,4.53,5,0.27,2290.61,1
CUST1785,37,Male,North,77712.77,5,51.3,13.15,5,0.39,3013.82,1
CUST1449,42,Male,North,66459.37,8,62.6,2.53,2,0.17,3778.99,1
CUST1668,40,Male,North,59151.54,4,24.2,1.9,3,0.44,1939.44,1
CUST1690,46,Female,North,90118.62,7,64.7,17.52,4,0.34,4569.17,1
CUST1706,23,Male,North,83512.06,11,3.3,7.83,5,0.13,3644.87,0
CUST1266,20,Male,West,39324.44,3,41.7,13.0,4,0.15,3047.05,1
CUST1005,25,Male,South,54752.0,8,33.7,2.83,2,0.14,2181.83,0
CUST1290,43,Female,South,76999.66,4,55.9,12.03,1,0.08,2740.56,0
CUST1199,56,Male,South,47344.22,8,60.7,8.5,5,0.6,4642.64,1
CUST1475,33,Male,West,54945.77,9,39.0,2.0,1,0.78,1744.9,1
CUST1159,66,Female,West,66588.45,0,49.6,5.2,0,0.08,1787.72,1
CUST1458,54,Female,East,53252.21,7,33.8,4.41,1,0.97,2775.01,0
CUST1097,58,Male,North,40878.79,11,56.0,18.26,1,0.66,1339.01,1
CUST1329,19,Female,North,30831.28,4,26.6,7.74,2,0.42,1451.22,1
CUST1235,18,Male,North,,1,52.6,12.36,2,0.99,2721.53,1
CUST1675,26,Male,East,25376.02,4,44.1,1.69,1,0.64,1178.12,1
CUST1008,36,Female,East,75763.57,11,52.6,1.41,1,0.3,3020.79,1
CUST1127,50,Male,South,13996.89,5,38.9,3.49,6,0.82,1696.55,1
CUST1546,21,Male,South,56601.14,10,95.8,9.98,3,0.44,3086.41,1
CUST1429,24,Male,South,68131.77,4,42.8,4.64,3,0.02,1993.27,1
CUST1432,37,Male,South,59610.91,7,57.6,30.63,2,0.85,31130.32,1
CUST1064,34,Male,East,65084.06,4,55.7,21.62,2,0.53,3532.99,1
CUST1014,57,Female,North,60751.68,9,81.7,20.37,3,0.56,3817.63,1
CUST1170,46,Female,East,66761.2,3,0.0,2.09,2,0.85,1661.28,0
CUST1586,46,Male,South,38133.6,4,40.2,5.34,3,0.58,911.49,1
CUST1136,44,Male,South,47245.74,5,17.5,5.25,1,0.32,1772.84,0
CUST1448,68,Female,East,26356.34,8,57.8,1.03,2,0.69,1911.83,1
CUST1336,50,Male,North,36199.09,0,34.4,5.68,2,0.68,508.99,0
CUST1764,33,Male,North,70747.02,11,42.0,7.5,7,0.51,3935.51,1
CUST1570,27,Female,East,43300.48,10,60.5,8.55,3,0.47,2482.03,1
CUST1573,46,Male,East,30857.06,5,58.0,7.72,3,0.05,1905.56,1
CUST1314,66,Female,North,73091.84,2,54.3,10.8,1,0.72,3963.48,1
CUST1575,29,Female,South,65910.97,2,60.6,2.89,4,0.96,4442.67,1
CUST1293,66,Male,North,43767.47,2,61.3,28.35,2,0.92,2082.28,1
CUST1019,41,Female,West,79407.47,3,36.1,8.23,2,0.44,3371.28,1
CUST1727,20,Male,East,47308.86,9,47.3,3.58,4,0.47,4056.87,1
CUST1107,61,Male,West,58720.41,0,42.5,6.38,2,0.66,2120.78,1
CUST1323,52,Female,South,63503.14,6,53.7,1.57,5,0.86,5205.6,1
CUST1506,29,Female,East,46638.88,8,53.0,23.36,3,0.11,734.88,1
CUST1105,41,Male,North,31761.35,7,43.9,11.24,4,0.08,1083.99,1
CUST1099,32,Female,North,66719.17,3,64.9,5.96,4,0.57,3619.05,1
CUST1592,58,Female,South,49179.59,4,67.7,8.28,1,0.92,3293.62,1
CUST1707,48,Male,South,96540.25,9,77.0,2.19,3,0.45,5003.17,1
CUST1447,39,male,North,68392.69,8,78.3,3.99,5,0.86,3678.32,1
CUST1540,27,Female,South,24308.44,0,59.1,6.75,0,0.71,1897.83,1
CUST1109,41,Male,South,17007.41,2,49.7,11.8,1,0.28,67.72,0
CUST1356,68,Female,North,104693.71,1,45.5,5.27,3,0.3,2559.69,0
CUST1478,59,M,East,79808.95,5,41.2,,0,0.66,2191.02,1
CUST1251,23,Female,North,60633.53,2,56.7,5.79,3,0.59,1658.51,1
CUST1629,66,Male,North,18520.08,6,17.5,19.81,1,0.97,535.03,0
CUST1653,29,Female,North,56379.09,8,46.7,2.52,2,0.84,1835.9,1
CUST1461,61,Male,East,49031.44,4,43.8,9.73,4,0.23,3907.37,1
CUST1349,39,Female,East,60655.67,10,42.9,1.45,5,0.59,2811.84,1
CUST1030,66,Male,West,44861.34,5,44.8,36.16,2,0.22,2988.14,1
CUST1263,53,Male,North,75333.69,11,41.1,9.51,2,0.71,2637.21,1
CUST1358,44,Female,East,49181.22,11,30.8,1.35,0,0.15,779.54,0
CUST1232,54,Female,East,32771.0,2,35.2,12.91,5,0.66,1751.16,0
CUST1407,39,Male,East,44429.15,10,54.2,18.8,2,0.89,2331.38,1
CUST1239,43,Female,South,43652.57,1,6.9,4.9,0,0.88,1415.71,0
CUST1580,67,Female,East,71033.29,3,56.1,4.64,3,0.35,4215.35,1
CUST1730,66,Male,North,69493.47,4,21.4,10.1,5,0.92,3837.04,1
CUST1699,69,Female,South,,8,56.0,3.2,3,0.81,3053.97,1
CUST1116,50,Male,West,81629.81,6,61.4,5.28,1,0.74,2479.28,1
CUST1378,63,Male,South,61742.53,9,51.2,1.8,2,0.19,1885.7,0
CUST1068,21,Female,East,63420.03,1,64.7,23.85,3,0.11,3449.42,1
CUST1594,21,Male,East,28494.85,5,49.9,2.71,3,0.13,2288.91,1
CUST1319,37,Female,East,73282.37,6,25.1,,3,0.39,2063.56,1
CUST1111,68,Female,West,31462.17,7,48.7,7.07,2,0.58,3278.15,1
CUST1145,22,Male,South,55194.37,6,84.2,6.48,3,0.25,5028.62,1
CUST1419,65,Female,West,54097.85,3,62.8,34.76,1,0.04,1938.6,1
CUST1115,52,M,South,84645.08,8,91.1,4.39,2,0.29,3329.26,1
CUST1143,20,Female,East,57493.14,2,19.6,24.22,4,0.18,2105.39,1
CUST1236,36,Female,South,80148.96,2,21.8,3.93,2,0.66,2252.15,0
CUST1279,28,Female,East,90095.19,9,36.5,14.91,4,0.4,3711.32,1
CUST1355,62,Male,South,31010.6,3,63.4,14.3,2,0.69,0.0,1
CUST1350,39,Female,East,47364.12,4,37.7,9.27,4,0.56,3594.99,1
CUST1037,68,Male,North,69447.74,9,71.3,17.03,4,0.26,3943.65,1
CUST1568,50,Male,North,48336.23,8,77.2,21.45,2,0.89,2937.06,1
CUST1526,65,Male,West,76354.97,2,47.0,2.78,1,0.09,2234.44,0
CUST1224,54,Female,East,,7,1.0,4.91,3,0.45,1578.16,1
CUST1106,18,Female,South,26910.89,4,76.2,4.89,1,0.31,1274.13,1
CUST1456,32,Male,South,59382.92,11,43.1,4.62,1,0.4,2805.82,1
CUST1095,42,Male,East,59544.64,6,39.7,6.9,3,0.74,3177.75,1
CUST1685,26,Male,South,45052.7,6,54.4,13.24,6,0.46,3497.27,1
CUST1587,43,Male,North,84138.44,5,59.4,3.77,5,0.04,4153.96,1
CUST1442,45,Female,South,60165.53,1,44.3,8.68,4,0.88,2537.67,1
CUST1680,24,Female,South,39268.89,4,64.3,4.59,2,0.57,2186.85,1
CUST1330,52,Male,North,85625.73,9,75.6,17.22,5,0.3,5126.83,1
CUST1716,20,Male,East,46342.97,5,50.1,7.52,2,0.01,556.73,0
CUST1134,57,Female,South,23569.09,2,39.9,17.41,1,0.46,1216.25,0
CUST1317,55,Male,South,53257.13,11,48.4,6.73,4,0.27,2802.96,1
CUST1342,24,Female,North,79241.43,1,78.5,24.84,3,0.28,4577.74,1
CUST1215,69,Male,North,83216.7,4,68.3,5.44,4,0.92,4641.65,1
CUST1409,19,Female,South,52227.34,2,98.8,7.42,3,0.68,3823.81,1
CUST1595,67,Female,East,53385.48,3,62.3,3.8,2,0.56,2489.29,1
CUST1192,50,Female,North,54770.61,1,56.9,37.24,1,0.14,2278.49,1
CUST1635,36,Female,North,76572.01,0,70.7,23.71,4,0.27,4314.0,1
CUST1555,37,Male,North,44799.95,8,56.2,8.87,3,0.73,3818.16,1
CUST1399,48,Male,South,73515.57,11,81.1,8.72,1,0.75,2833.96,1
CUST1499,18,Female,North,91303.98,6,53.6,19.68,5,0.42,2716.61,1
CUST1169,60,Male,East,63256.78,4,39.9,2.82,4,0.07,1684.36,1
CUST1563,60,Female,North,101153.04,11,48.4,4.28,3,0.77,3805.12,1
CUST1053,43,Female,West,65549.9,11,49.2,8.31,5,0.84,2717.88,1
CUST1440,40,Male,South,40491.45,8,55.8,15.14,1,0.72,1981.61,1
CUST1711,44,Male,West,46401.76,2,43.9,1.64,4,0.57,2617.18,1
CUST1644,45,Female,South,75362.55,0,69.1,3.8,6,0.62,5882.45,1
CUST1151,32,Female,North,90711.86,3,44.6,12.58,3,0.89,3580.91,1
CUST1230,45,Male,West,62539.11,8,71.0,8.44,1,0.03,1984.17,1
CUST1633,39,Male,East,53526.69,1,,3.79,2,0.52,1867.51,1
CUST1417,26,F,West,-1.0,7,53.0,5.62,1,0.85,1162.1,1
CUST1567,18,Female,East,33640.45,4,65.2,2.68,3,0.3,2026.21,1
CUST1768,41,Male,South,49545.43,1,77.5,2.99,5,0.62,4833.94,1
CUST1188,28,Male,North,76865.0,1,48.7,7.31,6,0.76,4615.72,1
CUST1451,39,M,North,,6,61.5,5.66,7,0.21,2054.13,1
CUST1791,63,Female,South,53285.59,1,27.6,23.94,3,0.66,4197.46,1
CUST1185,61,Male,West,12887.33,11,76.6,2.6,7,0.34,4642.56,1
CUST1043,-24,Female,West,,7,53.7,17.55,2,0.52,2259.85,1
CUST1142,31,Male,East,51157.49,0,48.7,1.18,3,0.47,3270.54,1
CUST1477,67,Male,East,72017.38,1,43.4,2.05,2,0.72,5166.09,1
CUST1697,18,Male,West,-1.0,11,52.9,1.26,3,0.67,2849.59,1
CUST1386,63,Female,South,40654.87,6,63.6,10.39,3,0.7,2297.06,1
CUST1534,27,Female,North,68534.25,9,18.6,8.13,3,0.49,2238.0,1
CUST1769,45,Female,East,54375.34,4,69.1,6.84,4,0.48,1693.37,1
CUST1150,26,Male,North,90946.15,9,78.6,1.97,1,0.81,6142.42,1
CUST1067,57,Female,West,50764.26,11,71.7,13.35,2,0.21,3986.72,1
CUST1401,57,Female,South,48115.31,6,66.2,12.97,2,0.77,2095.92,1
CUST1382,54,Male,East,36173.57,7,41.9,3.1,3,0.53,1548.85,1
CUST1431,62,Female,North,72925.44,5,33.4,3.88,6,0.7,3146.17,1
CUST1347,29,Male,North,8592.12,0,,21.73,3,0.08,3661.43,1
CUST1584,43,Male,South,52858.04,2,67.9,1.73,3,0.41,3265.15,1
CUST1377,46,Female,West,49948.91,0,36.0,11.79,2,0.44,1118.28,0
CUST1613,66,Male,South,64398.17,1,84.0,39.33,2,0.11,2166.16,1
CUST1771,45,Female,North,60617.43,9,9.9,1.81,1,0.36,1602.61,0
CUST1313,28,Female,South,68463.65,3,63.1,20.87,1,0.18,1638.68,1
CUST1589,43,Female,North,68357.52,5,51.3,3.78,1,0.89,2071.43,1
CUST1131,54,Male,South,53658.86,5,65.9,35.29,2,0.1,2921.66,1
CUST1637,53,Male,West,110692.88,11,74.3,5.96,1,0.17,3788.57,1
CUST1283,40,Female,South,59289.33,1,67.0,,4,0.66,2813.01,1
CUST1682,30,Female,North,85901.78,5,25.9,8.04,3,0.05,3914.94,1
CUST1130,41,Female,South,87312.96,2,42.9,7.79,2,0.36,953.56,1
CUST1571,60,Male,North,71870.03,2,47.6,2.78,3,0.04,2936.38,1
CUST1301,26,Male,South,66221.19,0,59.1,7.77,1,0.13,2262.84,1
CUST1114,52,Male,South,62228.09,5,70.1,7.24,0,0.73,1979.7,1
CUST1354,-55,Male,South,67809.21,9,57.0,12.02,2,0.02,2920.71,1
CUST1339,65,Male,North,66210.4,1,65.8,5.95,4,0.84,4284.86,1
CUST1479,47,Female,East,67304.54,3,43.3,5.3,3,0.96,3386.94,1
CUST1669,46,Male,West,13155.77,2,14.0,17.51,4,0.28,1192.08,1
CUST1271,69,Male,North,16766.23,1,49.7,12.89,5,0.67,1878.83,1
CUST1790,30,Female,North,29844.67,5,62.9,1.06,0,0.53,1087.14,1
CUST1284,48,Male,South,44781.06,7,50.6,2.8,4,0.24,2455.91,1
CUST1129,40,Male,East,57613.67,1,80.6,12.07,1,0.81,2479.24,1
CUST1709,61,Female,East,46881.91,11,11.0,19.24,4,0.89,2788.46,1
CUST1536,53,Female,South,42482.41,0,48.0,12.85,3,0.73,3686.44,1
CUST1210,32,Male,West,8687.24,2,,9.0,4,0.63,1313.97,0
CUST1437,31,Female,West,45005.97,7,49.4,35.58,1,0.05,1223.7,1
CUST1529,53,Female,North,47819.94,11,84.9,24.73,3,0.71,4609.94,1
CUST1799,19,Male,South,57942.59,1,61.6,3.57,2,0.13,2712.8,1
CUST1040,20,Male,West,69820.35,8,18.7,1.29,3,0.3,2752.23,1
CUST1306,33,Male,West,59156.99,3,38.1,,4,0.56,1739.43,1
CUST1556,41,Male,East,75942.74,3,49.4,3.61,2,0.3,3808.04,1
CUST1204,54,Male,South,14593.55,6,53.9,4.45,3,0.54,3548.57,1
CUST1272,58,Female,South,,11,32.8,12.02,2,0.97,1645.14,1
CUST1008,36,Female,East,75763.57,11,52.6,1.41,1,0.3,3020.79,1
CUST1521,22,M,South,44291.97,4,31.2,1.44,4,0.39,2615.04,1
CUST1070,23,Male,West,30418.03,6,51.4,11.2,4,0.16,2763.36,1
CUST1656,38,Female,South,78704.98,8,28.3,10.17,1,0.71,2878.86,1
CUST1376,47,Male,North,60104.05,11,40.6,1.65,1,0.62,2676.21,0
CUST1007,56,Female,West,42799.85,6,49.3,14.65,5,0.83,3465.87,1
CUST1430,53,Female,North,51074.13,4,38.4,4.49,7,0.58,3712.75,1
CUST1765,25,Female,North,16174.35,8,87.4,1.24,3,0.84,4563.47,1
CUST1552,45,Female,North,46282.43,10,,6.05,4,0.81,1053.16,1
CUST1093,41,Female,North,40953.82,0,25.8,15.12,2,0.2,2632.36,1
CUST1359,44,Male,West,75575.19,1,69.5,7.93,3,0.47,3877.87,1
CUST1357,25,Female,South,51117.66,3,32.5,2.83,0,0.63,2263.66,0
CUST1079,53,Female,South,49831.48,9,62.2,11.85,3,0.78,3777.03,1
CUST1787,45,Male,North,61840.85,0,32.1,5.69,4,0.13,3208.17,1
CUST1049,42,Male,North,59096.84,1,37.4,13.26,3,0.45,1765.28,1
CUST1250,51,Male,West,51563.59,2,3.0,5.69,5,0.64,1804.18,1
CUST1147,31,Male,East,24672.3,7,47.8,5.63,2,0.11,1173.15,0
CUST1777,45,Male,East,58077.48,0,30.4,1.41,4,0.95,3591.01,0
CUST1057,64,Male,South,30311.39,1,57.3,6.07,4,0.32,2313.29,1
CUST1757,20,Male,North,72067.18,4,77.3,5.7,3,0.8,4184.35,1
CUST1748,37,Male,East,50284.6,8,23.2,9.36,4,0.95,2676.01,1
CUST1381,58,Male,West,48684.42,11,74.1,1.55,3,0.55,1638.67,1
CUST1055,37,Male,North,76706.47,9,73.5,8.14,3,0.28,4109.65,1
CUST1412,19,Female,South,79419.4,7,46.6,2.47,3,0.29,3164.08,1
CUST1764,33,Male,North,70747.02,11,42.0,7.5,7,0.51,3935.51,1
CUST1242,49,Female,North,73932.1,1,48.4,8.33,2,0.86,3845.28,1
CUST1661,62,Female,South,13873.25,10,31.5,8.01,7,0.8,2904.46,1
CUST1443,51,Male,East,17466.08,2,56.5,2.36,4,0.81,2957.71,1
CUST1338,38,Female,South,60351.53,9,67.7,16.79,3,0.78,3917.77,1
CUST1393,40,Male,West,55805.8,0,,18.27,2,0.86,3138.27,1
CUST1524,43,Female,North,51018.45,2,72.5,3.47,5,0.27,3607.81,1
CUST1025,50,Female,West,50357.76,7,29.3,3.66,3,0.92,2375.59,1
CUST1047,35,Female,South,64626.57,4,61.4,7.13,5,0.48,4955.67,1
CUST1174,24,Female,North,85767.26,0,73.2,14.75,1,0.1,3610.32,1
CUST1424,52,Male,East,58157.58,2,51.6,2.86,2,0.83,2008.01,1
CUST1059,61,Male,North,17874.54,3,55.5,2.89,2,1.0,2830.64,1
CUST1153,43,male,South,36772.87,8,,12.86,2,0.22,2142.04,1
CUST1648,36,Female,North,55514.74,10,46.5,11.47,6,0.14,3044.84,1
CUST1585,25,Female,West,33797.86,9,7.7,3.66,2,0.11,2963.18,0
CUST1161,49,Male,West,52398.57,7,19.0,3.01,2,0.29,1899.22,1
CUST1244,28,Male,North,53821.41,5,77.9,17.24,4,0.95,3385.78,1
CUST1591,68,Female,East,70228.24,6,33.6,9.11,1,0.88,1774.81,1
CUST1158,56,Female,West,63127.29,11,57.1,9.95,2,0.87,2052.26,1
CUST1385,66,Female,South,83822.29,10,61.7,3.26,4,0.89,3778.21,1
CUST1326,35,Female,West,54641.98,4,47.9,10.02,2,0.69,2019.06,1
CUST1638,29,Male,West,51839.18,10,51.3,17.02,4,0.58,2966.61,1
CUST1468,49,Female,East,56737.81,1,53.5,1.13,4,0.49,2664.26,1
CUST1774,25,Female,South,111555.41,5,65.6,3.43,1,0.65,3626.39,0
CUST1756,18,Female,North,49247.98,9,64.9,27.22,2,0.27,3445.7,1
CUST1179,59,Female,West,69503.24,5,21.2,9.35,3,0.54,2011.05,0
CUST1623,40,Female,North,46714.68,9,60.8,4.34,6,0.73,4431.24,1
CUST1411,59,Male,South,48530.13,2,46.5,5.31,2,0.09,3045.44,1
CUST1705,53,Female,South,52098.25,7,,37.4,4,0.92,3950.9,1
CUST1054,19,Female,East,27583.1,6,31.5,2.8,0,0.65,530.01,0
CUST1626,58,Female,East,97634.06,3,36.9,2.68,3,0.76,3989.41,1
CUST1388,52,Female,West,49459.86,7,76.0,6.57,5,0.18,3271.52,1
CUST1168,32,Male,West,47036.22,5,95.9,17.58,0,0.87,2584.18,1
CUST1464,56,Female,East,47514.39,10,31.5,2.08,4,0.88,2434.24,1
CUST1687,44,Male,South,49608.84,1,48.6,8.68,2,0.18,1896.28,0
CUST1634,30,Male,West,31398.02,3,47.8,1.98,3,0.29,3083.17,0
CUST1391,38,Female,West,73182.55,7,66.4,4.77,1,0.84,3557.27,1
CUST1024,-38,Female,South,60997.12,11,5.9,6.44,3,0.24,1425.43,0
CUST1298,22,Male,North,57577.88,3,46.2,9.97,4,0.83,3247.92,1
CUST1753,31,Female,East,52500.47,4,50.7,4.08,3,0.86,2094.68,1
CUST1289,33,Female,South,72127.25,2,75.2,1.79,4,0.06,5023.1,1
CUST1018,19,Female,South,43403.05,3,44.6,8.27,2,0.28,1694.63,1
CUST1639,58,Male,West,41326.86,10,76.2,3.3,4,0.56,4047.67,1
CUST1312,69,Male,South,59090.71,4,50.4,1.14,1,0.68,3321.5,1
CUST1254,65,Female,North,42070.54,8,74.4,7.38,3,0.35,3363.33,1
CUST1225,66,Female,West,58682.98,9,81.2,9.69,5,0.45,4269.33,0
CUST1087,57,Male,North,55749.97,1,55.9,4.74,2,0.91,402.68,1
CUST1696,62,Female,East,41643.64,11,1.3,13.62,6,0.16,1632.27,1
CUST1466,23,Female,East,64274.91,0,28.4,12.59,3,0.19,3623.22,0
CUST1602,53,Male,North,71547.45,3,74.9,5.86,2,0.64,3757.22,1
CUST1222,20,M,North,,1,61.2,2.86,6,0.08,5326.53,1
CUST1543,18,Male,North,46774.59,2,58.2,4.77,3,0.22,2878.61,1
CUST1488,26,Female,West,38691.36,9,74.9,5.12,5,0.84,2645.49,1
CUST1218,69,Male,East,24769.73,11,59.0,4.45,1,0.82,2043.48,1
CUST1652,52,Male,South,,6,69.9,14.83,7,0.46,3670.91,1
CUST1465,21,Female,North,53127.1,9,52.0,7.61,3,0.56,3089.85,1
CUST1620,29,Female,West,53185.19,5,43.7,3.2,1,0.32,1958.19,1
CUST1782,34,Female,South,58229.5,10,62.4,,2,0.93,2755.74,1
CUST1505,20,Female,West,46465.38,10,61.3,3.33,4,0.6,2300.28,1
CUST1193,18,Male,South,73979.11,1,65.4,3.11,0,0.7,2557.99,1
CUST1793,23,Male,South,35019.31,9,49.7,1.91,3,0.91,1653.8,0
CUST1286,59,Male,West,40084.16,6,27.7,11.66,6,0.58,1894.86,0
CUST1066,67,Female,East,72948.07,2,23.4,6.81,5,0.72,3812.5,1
CUST1760,28,Male,West,74966.68,2,55.7,7.17,1,0.32,2221.44,1
CUST1071,59,Female,West,64073.92,4,70.8,15.01,5,0.79,2533.68,1
CUST1082,65,Male,East,43745.71,8,81.6,15.09,10,0.77,4769.2,1
CUST1740,38,M,East,64106.92,3,55.3,22.06,7,0.29,3644.48,1
CUST1454,59,Male,West,59932.1,4,57.4,11.05,2,0.87,1343.65,1
CUST1674,29,Female,East,83981.21,4,5.2,23.87,4,0.14,3334.26,1
CUST1015,41,Male,South,58479.01,9,57.6,4.51,1,0.4,2948.73,0
CUST1745,53,Female,South,34990.74,9,44.7,12.88,2,0.68,758.21,1
CUST1599,53,Female,North,56648.54,0,54.8,4.45,2,0.36,2471.98,1
CUST1702,42,Female,North,67729.81,8,51.1,1.22,1,0.44,2938.26,1
CUST1596,-62,Male,South,76301.46,11,0.0,8.73,5,0.89,2631.6,1
CUST1406,64,Male,East,61435.47,6,67.7,9.85,1,0.2,3738.26,1
CUST1509,68,Female,East,43668.7,1,49.1,11.46,3,0.86,2252.86,0
CUST1427,41,Female,North,70049.1,10,58.2,1.17,3,0.34,3610.18,1
CUST1135,39,Female,North,102100.6,5,65.9,10.09,4,0.4,4756.69,1
CUST1655,69,Female,South,27216.32,4,31.9,1.99,0,0.26,925.41,0
CUST1416,50,Male,South,71240.58,4,67.2,1.62,3,1.0,3941.1,1
CUST1029,42,Male,North,71070.86,5,39.8,3.34,4,0.97,4661.27,1
CUST1181,23,Female,East,82194.46,7,23.1,3.64,3,0.26,2309.98,1
CUST1227,66,Female,North,78433.29,2,34.6,4.96,0,0.13,968.49,1
CUST1404,67,Male,South,19855.24,7,64.1,5.57,3,0.17,1185.78,1
CUST1364,45,Female,South,50949.89,5,35.7,1.2,4,0.33,2702.17,1
CUST1758,33,Male,North,72632.67,7,,12.09,0,0.45,3091.98,1
CUST1104,26,Male,West,,3,31.0,5.24,5,0.51,3379.22,1
CUST1321,65,Male,North,77529.73,5,88.7,5.12,4,0.73,4221.98,1
CUST1268,37,Male,South,79294.68,11,40.5,5.95,0,0.77,2696.28,1
CUST1446,40,Male,South,63182.14,3,33.4,3.89,5,0.93,2770.9,1
CUST1557,29,Male,South,38272.02,3,95.6,16.34,4,0.18,1117.91,1
CUST1392,49,Male,South,39365.07,0,0.0,13.88,3,0.52,1134.74,1
CUST1762,27,Female,South,76088.45,8,47.7,2.96,5,0.99,4362.69,1
CUST1569,57,Male,North,55419.54,3,30.1,10.52,1,0.84,1892.8,1
CUST1241,23,Male,North,,8,59.1,2.64,4,0.82,3891.46,1
CUST1430,53,Female,North,51074.13,4,38.4,4.49,7,0.58,3712.75,1
CUST1550,19,Female,South,63347.03,6,56.0,3.06,1,1.0,2470.04,1
CUST1671,28,Male,West,52443.31,2,15.0,10.62,4,0.06,3001.94,0
CUST1203,26,Female,West,59689.52,3,71.7,1.37,1,0.48,1691.87,1
CUST1723,25,Female,South,56652.5,7,40.1,2.2,2,0.79,2816.08,1
CUST1083,32,Female,East,50075.02,1,60.3,2.95,5,0.07,3473.51,1
CUST1118,59,Male,South,27584.63,0,34.5,18.07,6,0.86,2776.76,1
CUST1096,62,Male,South,62203.94,7,46.0,13.66,1,0.77,1349.41,1
CUST1523,33,Male,North,57779.33,7,57.6,3.11,5,0.83,4225.21,1
CUST1166,56,Female,South,68731.25,2,-0.0,12.18,2,0.94,903.61,0
CUST1525,43,Male,South,58414.98,5,60.4,7.47,1,0.73,3271.64,1
CUST1189,45,Female,North,39144.45,3,38.2,,3,0.28,1390.22,1
CUST1736,62,Female,North,47763.37,5,53.3,3.3,1,0.93,3315.55,1
CUST1676,27,Male,North,87610.46,3,52.9,3.34,6,0.05,3911.71,1
CUST1092,64,Female,North,68837.09,8,38.1,1.65,2,0.92,1435.99,1
CUST1366,50,Female,South,59148.77,4,40.5,5.83,2,0.09,1753.04,1
CUST1315,25,Female,North,45866.13,6,43.1,3.96,2,0.71,2701.07,0
CUST1261,20,Male,East,25672.55,8,21.0,5.98,2,0.07,810.01,0
CUST1361,38,Female,South,81188.7,2,12.9,24.77,5,0.59,4289.62,1
CUST1138,18,Male,South,66530.48,6,57.1,2.82,4,0.13,4389.95,1
CUST1719,67,Male,East,64061.72,5,,4.55,5,0.94,4503.68,1
CUST1276,35,Male,North,73719.86,4,100.0,3.45,6,0.87,4370.64,1
CUST1384,46,Male,North,68823.7,11,36.0,8.66,3,0.06,3136.86,1
CUST1056,45,Male,North,61760.59,8,32.8,5.19,8,0.97,4222.51,1
CUST1649,64,Male,West,83444.19,5,39.0,,2,0.88,3366.64,1
CUST1518,47,Male,West,40922.28,11,65.4,12.14,6,0.63,3120.58,1
CUST1410,44,Female,North,79423.42,7,59.6,13.46,4,0.5,4694.46,1
CUST1088,38,Female,South,58206.31,2,31.5,3.53,4,0.55,2355.42,1
CUST1651,22,Male,South,108031.83,10,62.9,16.91,3,0.13,5336.13,1
CUST1558,67,Male,South,40954.57,5,60.9,22.09,2,0.79,2715.93,1
CUST1280,45,Female,North,44852.2,8,41.3,8.95,5,0.21,2032.5,1
CUST1370,21,Male,West,64357.7,0,69.6,9.15,2,0.3,3006.93,1
CUST1139,52,Male,North,40333.89,11,77.9,4.17,6,0.31,5140.24,1
CUST1360,51,Male,West,47463.31,7,59.4,5.83,2,0.5,2650.7,1
CUST1460,25,Male,East,75487.07,5,52.3,39.4,3,0.79,2936.95,1
CUST1754,32,Male,South,48444.36,2,57.8,5.61,3,0.68,1475.64,1
CUST1287,52,Male,North,71589.42,2,64.9,5.59,3,0.55,4008.04,1
CUST1084,25,Male,South,90356.55,2,58.6,14.26,4,0.48,4235.5,1
CUST1734,23,Male,East,,10,74.8,23.13,3,0.75,10494.08,1
CUST1784,50,Male,South,50129.2,6,64.0,1.35,2,0.44,2038.68,1
CUST1402,63,Male,South,56862.6,4,,2.1,2,0.84,1276.43,1
CUST1340,37,Female,North,-1.0,4,51.6,23.5,2,0.58,3451.04,1
CUST1559,52,Male,North,66523.42,9,47.7,46.01,8,0.31,5244.06,1
CUST1365,64,Male,North,76736.66,9,,2.5,6,0.07,3553.41,1
CUST1023,19,Female,East,38147.59,0,74.2,4.87,7,0.39,4506.91,1
CUST1345,50,Female,South,-1.0,0,70.3,16.94,6,0.35,2613.63,1
CUST1164,54,Male,North,65427.46,6,46.1,11.51,2,0.76,2283.08,1
CUST1515,22,Female,South,66500.04,2,89.6,6.87,3,0.57,4324.78,1
CUST1763,49,Male,South,91510.43,4,35.5,3.72,1,0.25,3470.86,0
CUST1334,50,Female,East,66113.02,6,22.3,9.02,2,0.25,671.07,1
CUST1310,50,Female,North,79612.66,6,42.8,3.99,5,0.98,4009.3,1
CUST1739,64,Female,South,57538.66,10,67.1,4.23,2,0.64,1953.35,1
CUST1128,65,Male,East,69354.72,7,63.1,4.27,1,0.35,3423.92,1
CUST1353,55,Female,North,38502.18,4,59.7,7.47,2,0.13,2488.31,1
CUST1776,45,Male,East,25647.88,0,93.1,15.49,2,0.63,1664.99,1
CUST1780,53,Female,North,84238.88,11,52.8,4.05,1,0.56,2805.27,1
CUST1240,49,Female,South,38525.66,9,79.9,8.1,8,0.53,5702.92,1
CUST1535,22,Female,East,72584.18,7,49.7,1.05,2,0.63,3045.79,1
CUST1318,57,Male,West,46440.45,5,100.0,1.04,2,0.65,1255.35,1
CUST1510,54,Male,West,58507.35,1,67.0,7.81,1,0.53,1451.91,1
CUST1262,37,Male,East,56977.35,3,33.2,3.61,3,0.26,2430.84,1
CUST1428,30,Male,South,8000.0,9,61.0,15.02,3,0.31,1767.62,1
CUST1098,46,Male,North,63492.89,2,55.6,4.38,4,0.47,2538.78,1
CUST1788,65,Female,North,33088.51,1,,18.92,3,0.81,2920.73,1
CUST1735,61,Female,South,58001.85,6,26.8,3.99,6,0.44,2852.97,1
CUST1628,34,Female,North,48638.32,3,64.9,1.5,5,0.32,3780.1,1
CUST1712,27,Female,North,43770.34,6,61.6,19.1,0,0.67,1749.84,0
CUST1089,33,Male,North,55641.44,9,60.1,3.11,4,0.53,3649.44,1
CUST1202,44,Female,North,47687.05,2,61.8,4.69,2,0.06,4456.27,1
CUST1003,32,Female,East,46946.3,3,36.2,9.89,5,0.79,1537.25,1
CUST1255,33,Male,North,71305.98,4,52.2,,2,0.97,2382.68,1
CUST1331,33,Male,West,56578.59,6,57.6,4.81,2,0.26,3011.18,1
CUST1562,68,Male,North,34062.03,5,66.5,2.94,1,0.85,2451.01,0
CUST1433,18,Male,South,54642.13,9,33.9,2.49,0,0.14,1393.39,0
CUST1751,58,Female,North,40863.64,4,57.5,23.53,2,0.2,2809.05,1
CUST1619,54,Female,East,76100.31,2,47.0,2.44,3,0.3,3833.5,1
CUST1486,43,Male,South,,4,12.2,6.75,2,0.27,1791.22,0
CUST1527,38,Female,West,50745.65,6,58.3,3.78,2,0.95,2110.5,1
CUST1615,49,Male,North,78543.76,11,34.8,34.52,8,0.16,4196.14,1
CUST1260,46,Female,East,95979.73,3,14.7,14.99,4,0.67,3793.75,1
CUST1305,65,Female,North,38790.41,3,81.2,18.78,4,0.78,3027.67,1
CUST1196,30,M,North,72461.4,1,,5.73,4,0.97,4062.8,1
CUST1140,54,Male,West,88245.65,1,25.5,7.33,2,0.49,2339.27,0
CUST1122,24,Male,East,54797.91,4,47.6,2.01,2,0.62,1248.65,1
CUST1494,49,Male,North,55778.89,1,61.8,16.43,1,0.83,2756.33,1
CUST1110,28,Male,East,79175.78,8,,16.9,4,0.82,4508.94,1
CUST1084,25,Male,South,90356.55,2,58.6,14.26,4,0.48,4235.5,1
CUST1578,19,Female,South,63003.79,3,79.7,15.42,2,0.09,2400.62,1
CUST1513,31,Male,South,65009.02,10,58.7,1.2,1,0.54,2999.54,1
CUST1482,36,Female,East,28111.07,11,46.2,18.65,1,0.72,2185.54,0
CUST1600,42,Female,North,30063.31,6,15.9,20.53,4,0.21,1368.22,1
CUST1074,35,Female,North,50754.52,4,54.9,1.06,5,0.01,3763.05,1
CUST1783,26,Female,West,87774.05,8,46.7,4.02,4,0.18,3881.57,1
CUST1631,65,Female,South,61754.52,6,43.7,3.55,3,0.51,2538.34,1
CUST1273,50,Male,South,81377.02,6,51.9,2.31,0,0.61,3631.23,1
CUST1396,35,Female,South,70078.55,7,60.5,,3,0.91,2075.38,1
CUST1154,59,Male,North,98017.81,6,42.7,25.2,2,0.47,2580.97,1
CUST1191,56,Female,South,64226.89,6,35.8,6.76,2,0.37,3002.47,1
CUST1752,66,Male,West,71226.54,1,34.1,1.38,5,0.15,3799.62,1
CUST1187,47,Male,East,80784.67,3,69.8,16.07,4,0.07,4049.86,1
CUST1050,31,Male,South,51495.94,7,56.8,5.35,2,0.04,2249.92,1
CUST1038,61,Female,North,55973.28,7,25.4,20.75,2,0.41,1793.97,0
CUST1418,60,Male,North,73339.97,9,47.8,7.04,3,0.61,2755.07,1
CUST1720,45,Female,West,,11,50.5,20.52,2,0.87,2616.53,1
CUST1208,61,Female,East,112139.96,6,16.5,15.78,2,0.83,2396.72,0
CUST1375,45,Female,East,24048.26,1,34.8,9.23,1,0.12,1778.71,1
CUST1463,22,Female,West,45933.32,1,61.8,1.37,2,0.25,3273.51,1
CUST1470,47,Female,East,66366.03,8,63.2,,4,0.77,2945.88,1
CUST1517,66,F,North,61175.96,7,62.6,8.11,2,0.03,2022.53,1
CUST1075,43,Male,North,53618.25,2,40.8,21.68,2,0.7,1072.04,1
CUST1248,22,Male,West,47017.36,5,46.9,8.03,9,0.55,5097.46,1
CUST1302,58,Female,West,55234.01,4,59.1,,3,0.12,3888.15,1
CUST1640,36,Male,South,47578.36,8,37.9,11.1,1,0.74,1071.86,1
CUST1779,58,Male,South,45404.13,1,78.6,4.82,3,0.72,3273.88,1
CUST1011,28,male,West,56977.48,6,66.2,4.52,2,0.46,3570.76,1
CUST1485,54,Male,East,54442.89,7,40.6,11.66,0,0.43,476.8,0
CUST1462,61,Male,West,66126.53,11,60.3,2.78,5,0.68,2825.53,1
CUST1797,64,Female,North,68853.84,5,55.9,3.3,5,0.24,5215.0,1
CUST1281,42,Female,South,8000.0,1,70.4,16.62,2,0.81,2824.09,0
CUST1253,28,Male,South,59989.27,5,76.5,5.51,1,0.65,1004.58,1
CUST1735,61,Female,South,58001.85,6,26.8,3.99,6,0.44,2852.97,1
CUST1590,51,Male,East,71917.27,7,33.1,1.34,1,0.84,2170.22,1
CUST1750,64,Male,East,60443.18,9,23.1,10.15,4,0.93,2737.72,1
CUST1219,29,Female,South,44108.86,0,28.5,10.05,5,0.41,4214.17,1
CUST1425,67,Female,North,79994.64,11,38.9,8.97,2,0.7,2401.61,1
CUST1369,36,Female,South,57392.85,8,48.6,20.28,6,0.52,3727.73,1
CUST1577,63,Male,East,60695.67,9,35.0,16.53,5,0.68,4293.58,1
CUST1069,19,Female,West,55271.16,0,38.7,11.99,1,0.69,2119.76,0
CUST1021,47,Male,South,43313.55,6,19.7,4.24,1,0.45,1951.15,1
CUST1077,51,Male,North,97869.46,6,,7.45,6,0.77,5607.21,1
CUST1547,33,Female,West,75986.45,8,18.9,12.51,5,0.94,4005.19,1
CUST1111,68,Female,West,31462.17,7,48.7,7.07,2,0.58,3278.15,1
CUST1775,67,Male,North,55594.49,6,100.0,4.0,5,0.07,4642.0,1
CUST1125,29,Female,South,51503.48,4,38.4,2.46,5,0.28,4128.41,1
CUST1228,19,Male,North,43706.46,6,46.5,2.38,4,0.12,3008.21,1
CUST1042,68,Female,North,59521.51,7,100.0,5.24,1,0.59,3681.64,1
CUST1516,64,Female,East,83211.54,6,36.6,6.9,3,0.82,2922.89,1
CUST1572,61,Female,North,52090.74,6,48.2,1.46,0,0.64,1921.6,1
CUST1576,48,Female,North,28238.13,4,28.9,7.5,4,0.19,1541.8,1
CUST1658,40,Male,South,39012.21,9,61.8,2.18,7,0.03,4809.16,1
CUST1374,61,Female,South,60359.68,0,18.1,15.36,1,0.19,1363.81,0
CUST1205,50,Female,North,67164.56,9,33.6,22.19,4,0.17,2540.12,1
CUST1792,52,Male,South,62027.24,0,84.0,3.17,0,0.21,2261.88,1
CUST1006,38,Female,East,79702.8,10,7.3,9.49,3,0.45,2437.0,1
CUST1493,51,Female,South,55699.8,8,86.8,2.13,4,0.2,4706.28,1
CUST1772,53,Female,East,77845.19,8,89.0,4.06,4,0.59,5250.45,1
CUST1606,41,Male,North,,9,59.7,5.58,1,0.78,1857.81,1
CUST1259,33,Male,West,55255.81,1,58.4,7.02,1,0.37,2602.96,0
CUST1282,67,Female,East,48582.42,10,60.9,13.25,3,0.74,2892.82,1
CUST1726,18,Male,South,47900.41,1,63.5,13.17,6,0.34,4214.63,1
CUST1795,68,Female,East,60005.91,4,43.5,6.55,2,0.47,2307.87,1
CUST1455,23,Female,South,55905.52,3,38.3,3.65,6,0.95,3035.05,1
CUST1320,52,Female,East,43708.41,4,13.7,5.29,4,0.19,1996.55,1
CUST1434,25,Female,North,66536.27,5,94.8,19.28,3,0.54,3118.35,1
CUST1299,54,Female,West,72609.27,6,78.8,1.05,1,0.35,2517.67,1
CUST1436,33,Female,West,54563.01,0,1.5,1.64,1,0.1,2004.87,0
CUST1667,52,Male,North,77961.6,2,52.8,7.97,4,0.33,2510.89,0
CUST1438,29,Male,West,26102.64,7,48.5,3.53,6,0.73,2416.82,1
CUST1325,46,Female,North,37432.36,10,33.4,11.56,6,0.11,3214.13,1
CUST1403,41,Female,West,45380.68,7,19.2,4.42,4,0.76,1530.57,1
CUST1265,43,Male,West,38609.96,11,49.3,1.52,4,0.4,3032.16,1
CUST1564,54,Female,South,33116.44,0,39.9,6.01,3,0.88,2505.96,1
CUST1670,60,Female,North,42333.45,9,52.7,6.92,2,0.58,2862.63,1
CUST1278,18,Male,East,98737.26,1,39.7,18.55,2,0.61,3303.82,1
CUST1624,42,Male,South,86179.87,5,52.3,5.76,2,0.84,1778.82,1
CUST1553,49,Female,South,48616.76,1,62.0,12.88,1,0.37,3496.04,1
CUST1617,40,Female,North,51305.42,2,53.5,5.82,2,0.73,2439.47,1
CUST1755,48,Female,South,68551.76,6,99.1,19.36,3,0.19,3431.9,1
CUST1231,40,Female,East,47992.81,4,43.3,5.54,6,0.07,3353.51,1
CUST1245,34,Male,West,69533.51,0,100.0,11.31,3,0.55,4605.62,1
CUST1167,62,Male,South,66483.4,7,19.3,6.0,5,0.9,2940.08,1
CUST1502,22,Female,East,74829.82,10,40.6,7.55,2,0.46,2160.57,1
CUST1332,58,Female,North,40702.55,9,53.3,4.72,1,0.16,2090.79,1
CUST1426,42,Female,North,77142.9,2,33.2,2.98,4,0.29,3149.75,1
CUST1541,36,Female,South,79892.28,3,47.0,10.74,0,0.49,736.17,1
CUST1162,21,Male,West,67025.82,3,52.1,11.03,2,0.49,2761.11,1
CUST1149,44,Male,East,16501.59,11,40.6,6.74,2,0.76,2572.37,0
CUST1226,34,Male,North,44152.34,5,46.3,4.41,3,0.9,2997.56,1
CUST1094,43,Male,South,,10,79.2,4.43,1,0.98,2317.74,1
CUST1221,19,Male,West,58827.8,5,83.7,1.12,2,0.74,3693.37,1
CUST1597,28,F,North,43107.27,8,90.0,8.32,5,0.97,3784.37,1
CUST1473,57,Male,North,24242.18,10,31.0,,2,0.55,1573.12,0
CUST1798,42,Female,South,40079.29,8,0.0,7.34,3,0.73,797.79,1
CUST1601,38,Male,North,35068.25,6,41.5,4.32,0,0.76,1005.66,1
CUST1773,43,Male,East,67559.27,6,,28.71,1,0.62,2717.12,1
CUST1034,33,Male,North,75693.22,8,,2.85,2,0.87,4504.55,1
CUST1217,66,Male,East,42755.29,9,50.1,6.89,5,0.33,2079.82,1
CUST1072,21,F,South,45941.73,0,40.9,5.73,2,0.31,3018.77,1
CUST1220,56,Female,East,68714.54,9,54.2,12.37,2,0.33,2954.45,1
CUST1213,41,Female,North,90987.71,5,76.5,1.4,5,0.98,5739.16,1
CUST1708,36,Female,North,49210.78,5,46.4,10.34,3,0.82,1754.3,1
CUST1394,50,Male,South,78121.59,11,34.7,2.07,6,0.01,4638.3,1
CUST1255,33,Male,North,71305.98,4,52.2,,2,0.97,2382.68,1
CUST1367,22,Male,South,62781.56,9,62.6,5.85,1,0.43,2676.62,1
CUST1012,41,Male,North,61164.22,7,30.5,1.13,3,0.89,3083.23,1
CUST1698,39,Female,North,80281.78,11,42.0,13.19,4,0.13,4912.15,1
CUST1343,20,Male,East,57282.28,4,76.2,15.31,4,0.89,2743.79,1
CUST1198,20,Male,North,48661.76,8,66.2,11.45,1,0.02,3243.99,0
CUST1234,50,Female,East,64679.79,10,72.4,7.24,1,0.76,2733.07,1
CUST1420,56,Male,West,9471.93,10,62.1,2.45,4,0.9,1469.23,1
CUST1683,57,Male,South,82677.01,9,46.4,3.05,4,0.42,5034.93,1
CUST1608,66,Male,South,81565.36,3,58.8,3.61,1,0.89,1956.2,1
CUST1645,31,Male,South,50054.55,5,5.8,3.84,3,0.72,2541.94,1
CUST1297,-29,Female,West,21147.55,3,26.0,13.93,2,0.51,938.84,1
CUST1063,31,Female,West,40366.8,1,45.3,5.2,0,0.66,323.28,1
CUST1607,52,Female,South,70845.33,6,63.2,13.66,3,0.02,1853.38,1
CUST1013,53,Female,North,89407.53,0,59.2,1.64,5,0.46,4267.82,1
CUST1435,63,Female,South,51905.56,11,41.8,13.0,4,0.01,4444.95,1
CUST1017,39,Male,South,65818.97,3,90.4,2.94,1,0.02,3420.92,1
CUST1710,56,Female,East,57685.19,6,58.4,11.94,2,0.52,1777.67,1
CUST1348,68,Female,East,44895.4,11,47.5,8.99,2,0.18,2047.34,1
CUST1207,59,Female,West,38194.51,1,52.3,15.24,2,0.44,2163.25,1
CUST1090,62,Male,South,69394.44,5,67.4,4.07,2,0.76,3895.1,1
CUST1307,20,Female,West,42112.44,3,8.0,5.17,3,0.65,2993.09,0
CUST1341,25,Female,West,64712.3,4,71.6,6.61,2,0.62,2556.17,1
CUST1380,52,Male,East,16851.57,9,53.4,10.7,1,0.15,1386.8,0
CUST1344,34,Female,East,41326.49,3,39.4,4.6,5,0.02,3600.24,1
CUST1471,64,Male,West,99169.16,8,44.5,9.54,1,0.49,3169.58,1
CUST1175,68,Male,East,69848.2,8,52.4,5.15,1,0.01,2024.0,1
CUST1551,66,Male,South,65400.7,10,63.8,9.87,4,0.89,4886.17,1
CUST1598,46,Female,South,73416.54,3,35.4,6.65,2,0.05,4077.6,1
CUST1032,59,Male,North,80142.28,5,33.8,12.78,0,0.06,2636.27,0
CUST1766,55,Male,East,74144.18,8,52.3,20.02,2,0.24,2941.31,1
CUST1657,53,Female,North,62907.45,3,86.3,24.95,2,0.1,3842.23,1
CUST1172,30,Female,West,50067.2,7,99.7,7.07,2,0.1,3615.49,1
CUST1700,34,Female,West,64068.68,3,59.7,2.25,3,0.99,31358.96,1
CUST1701,24,Male,North,16230.17,7,75.0,1.98,4,0.38,3219.59,1
CUST1408,40,Male,West,51529.96,0,30.7,3.92,4,0.46,1476.86,1
CUST1738,62,Male,East,66124.52,7,64.0,8.72,2,0.29,3052.56,1
CUST1742,38,Female,East,21683.07,6,59.5,3.03,3,0.4,2324.92,1
CUST1200,23,Male,North,54068.34,0,66.4,10.81,7,0.7,5972.24,1
CUST1292,69,Male,North,41130.6,11,39.6,10.82,2,0.78,1058.37,1
CUST1583,34,Male,South,54264.56,5,60.9,5.51,2,0.15,2127.84,1
CUST1713,43,Female,South,45338.71,11,70.2,13.64,0,0.96,2649.83,1
CUST1510,54,Male,West,58507.35,1,67.0,7.81,1,0.53,1451.91,1
CUST1749,35,Female,South,45861.76,4,54.8,3.11,4,0.6,2323.0,1
CUST1694,25,Female,East,65579.73,8,46.3,3.26,6,0.73,3820.82,1
CUST1724,58,Male,North,56149.41,10,25.5,7.87,3,0.84,2828.84,1
CUST1796,22,Female,West,,1,55.2,5.55,0,0.41,1691.6,0
CUST1786,30,Female,North,57327.53,0,64.4,5.06,3,0.41,3406.29,1
CUST1489,29,Female,South,72547.31,6,33.5,29.12,3,0.15,3050.79,1
CUST1721,37,Male,East,60273.88,8,52.0,7.67,3,0.98,2135.06,1
CUST1717,62,Female,North,10807.75,9,77.1,2.36,1,0.08,2028.52,1
CUST1133,61,Male,North,69972.73,9,95.1,12.22,0,0.65,2151.6,1
CUST1060,25,Male,North,97155.55,9,39.5,3.64,4,0.19,4314.08,1
CUST1026,29,Male,North,8000.0,9,47.5,13.36,3,0.52,2557.01,1
CUST1100,62,Male,North,33944.17,9,42.4,5.28,3,0.05,2058.46,1
CUST1531,47,Male,East,67181.86,4,42.3,8.53,4,0.41,2238.9,1
CUST1588,27,Male,East,76872.79,4,77.8,4.23,1,0.53,2934.0,1
CUST1703,62,Female,West,72465.38,3,100.0,6.93,5,0.05,3009.76,1
CUST1520,69,Male,North,50531.27,10,27.3,,1,0.29,3371.77,1
CUST1363,50,Female,North,52868.84,3,87.6,10.25,1,0.5,2986.74,1
CUST1309,41,Male,North,63402.09,5,51.5,1.67,3,0.16,3013.13,1
CUST1604,54,Female,West,56831.75,7,72.5,7.26,3,0.48,3097.17,1
CUST1252,39,Male,South,33503.13,8,58.7,26.46,2,0.9,3220.41,1
CUST1544,22,Female,North,52966.15,9,23.8,10.85,4,0.82,1250.99,1
CUST1481,34,Female,West,75262.22,4,72.0,19.69,3,0.79,3665.33,1
CUST1441,32,F,East,51385.75,1,33.3,10.81,2,0.25,2839.36,0
CUST1647,69,Male,South,68634.2,3,,5.64,1,0.74,3636.55,1
CUST1476,30,Female,West,53432.04,8,16.1,13.86,2,0.32,2785.09,0
CUST1022,55,Male,South,39726.63,5,39.6,18.3,2,0.34,1641.5,1
CUST1062,52,Male,East,-1.0,6,59.7,1.09,3,0.49,2998.64,1
CUST1148,56,Male,West,41536.54,5,30.3,32.47,5,0.76,2629.65,1
CUST1483,45,Female,East,42110.99,2,36.2,14.62,1,0.27,1486.74,1
CUST1741,33,Male,South,72826.36,7,42.8,15.91,1,0.29,3931.58,1
CUST1257,26,Female,South,43208.02,7,90.7,12.03,3,0.63,2290.94,1
CUST1052,26,Female,West,63293.27,3,28.8,13.3,7,0.32,4522.47,1
CUST1242,49,Female,North,73932.1,1,48.4,8.33,2,0.86,3845.28,1
CUST1173,49,Female,South,65946.05,11,35.9,6.72,2,0.11,2756.17,1
CUST1035,32,Female,East,64453.81,9,22.4,13.86,2,0.57,1890.94,1
CUST1178,19,Female,East,59503.43,5,2.3,,5,0.44,3387.48,1
CUST1679,55,Male,East,42154.9,9,28.8,1.63,0,0.11,682.06,1
CUST1120,58,Male,East,59067.95,1,42.4,9.05,2,0.44,3370.51,1
CUST1275,56,Male,South,75997.01,2,56.6,5.99,4,0.32,4213.7,1
CUST1044,38,Female,East,18473.84,0,48.1,9.13,3,0.28,2058.92,1
CUST1300,49,Female,South,70515.37,7,,6.02,0,0.42,2457.17,0
CUST1076,61,Female,North,85292.68,11,67.1,5.69,2,0.11,3215.43,1
CUST1368,65,Male,South,64738.03,0,26.7,10.26,4,0.36,3399.0,1
CUST1212,49,Female,East,78947.89,10,76.6,1.88,1,0.25,2996.98,1
CUST1267,36,Male,West,25984.7,1,71.4,14.79,7,0.44,4116.81,1
CUST1311,41,Female,West,72248.57,1,89.4,1.13,4,0.08,3839.16,1
CUST1444,19,Female,South,21495.72,0,6.7,6.21,4,0.96,0.0,0
CUST1503,39,Male,East,56145.12,5,42.0,4.71,1,0.24,4073.91,1
CUST1495,65,Female,South,73548.52,4,,2.45,5,0.83,6450.2,1
CUST1033,45,Female,North,47981.61,11,68.7,5.46,1,0.92,2916.29,1
CUST1009,40,Male,North,48249.81,9,,20.4,2,0.47,2500.37,1
CUST1688,19,Male,East,,2,62.8,16.93,5,0.96,1903.89,1
CUST1160,69,Male,South,67311.31,11,37.5,18.35,2,0.92,2317.24,1
CUST1285,47,Male,East,51012.6,8,23.6,6.78,2,0.1,2190.13,0
CUST1295,18,Female,East,57682.1,11,67.1,19.67,3,0.96,2606.33,1
CUST1616,41,Female,South,93083.6,11,46.4,23.37,2,0.85,1729.23,1
CUST1625,52,Female,East,74351.49,4,69.7,20.56,1,0.42,1832.79,1
CUST1277,57,Male,South,36988.83,2,13.9,5.29,1,0.23,1350.46,0
CUST1743,28,Female,West,71982.35,4,76.7,3.19,8,0.85,5403.71,1
CUST1603,27,Female,South,64945.43,2,11.7,10.07,3,0.12,1800.22,0
CUST1484,43,Male,North,44116.7,0,27.5,6.71,6,0.85,2564.8,1
CUST1496,42,Female,North,57724.65,4,57.1,16.41,1,0.29,3174.52,1
CUST1182,45,Male,North,21503.62,6,38.4,2.87,2,0.86,2040.9,1
CUST1778,54,Male,North,11503.87,7,21.1,6.0,6,0.54,1270.91,1
CUST1684,59,Female,West,29686.88,3,44.5,19.08,4,0.71,2387.87,1
CUST1036,64,Female,North,59202.38,8,0.0,4.25,5,0.01,3491.57,1
CUST1156,68,Male,South,51162.27,8,32.1,8.56,3,0.73,2706.25,1
CUST1002,46,Male,South,80192.74,0,68.9,7.33,3,0.69,6013.22,1
CUST1508,33,Female,North,60720.49,11,35.9,4.29,4,0.5,2507.15,1
CUST1497,57,Female,North,70530.35,7,65.4,6.4,4,0.87,4664.04,1
CUST1308,37,Male,South,67399.09,11,36.4,1.11,4,0.01,2549.36,1
CUST1289,33,Female,South,72127.25,2,75.2,1.79,4,0.06,5023.1,1
CUST1560,50,Female,South,62249.83,9,19.8,13.72,4,0.91,3804.87,1
CUST1414,34,Male,South,79261.4,4,71.4,1.45,3,0.96,3526.49,1
CUST1421,46,Male,West,78367.2,3,46.6,,0,0.56,3347.81,1
CUST1141,64,Male,South,59787.19,5,65.7,7.85,2,0.48,1253.35,0
CUST1223,66,Male,South,38142.75,2,68.4,10.99,1,0.05,2059.63,0
CUST1183,45,Male,East,72944.92,0,67.1,1.34,2,0.55,2538.79,1
CUST1767,29,Male,West,95430.32,0,32.5,2.36,6,0.42,3918.54,1
CUST1672,35,Male,North,38910.38,9,65.5,5.23,6,0.14,3617.1,1
CUST1511,39,Male,South,52143.86,4,85.5,4.3,3,0.26,4129.26,1
CUST1731,42,Female,North,33058.49,3,61.9,1.64,3,0.23,982.98,1
CUST1611,53,Male,South,51905.23,7,20.8,16.15,1,0.81,1685.54,1
CUST1747,36,Female,East,47830.22,7,50.8,10.46,1,0.26,2961.35,0
CUST1117,22,Male,West,90750.46,3,94.7,11.55,1,0.07,5124.02,1
CUST1001,69,Male,East,58412.53,1,44.8,3.08,2,0.08,1716.75,1
CUST1113,25,Female,West,43767.7,10,67.7,3.82,3,0.32,3708.98,1
CUST1781,44,Female,West,60852.41,9,40.0,3.69,3,0.85,1306.6,1
CUST1686,67,Male,North,62796.61,6,45.9,10.62,3,0.81,3134.52,1
CUST1165,40,Male,North,63951.25,11,56.1,10.56,3,0.42,2585.67,1
CUST1184,61,Male,North,67362.97,4,52.6,6.22,1,0.57,2700.31,1
CUST1677,61,Male,West,70925.08,0,59.8,13.11,4,0.41,4744.85,1
CUST1372,66,Male,West,,8,58.5,18.07,2,0.86,2213.82,1
CUST1274,57,Male,North,60455.9,2,28.5,2.96,1,0.12,3484.32,0
CUST1704,21,Female,West,74706.11,4,56.1,2.97,2,0.01,2833.26,1
CUST1000,56,Female,South,32828.85,1,82.7,45.71,6,0.93,5125.8,1
CUST1566,20,Male,East,52144.2,1,60.7,,7,0.6,4978.75,1
CUST1540,27,Female,South,24308.44,0,59.1,6.75,0,0.71,1897.83,1
CUST1500,33,Female,East,62369.44,6,19.0,8.41,2,0.75,2166.24,1
CUST1718,30,Male,East,27199.64,8,45.9,15.39,2,0.58,1618.35,0
CUST1383,41,Female,South,22949.98,4,22.3,20.78,1,0.73,0.0,0
CUST1405,49,Male,South,49969.02,8,,5.03,2,0.83,3308.38,1
CUST1561,50,Male,East,67417.54,9,52.4,12.21,4,0.84,2393.04,1
CUST1020,-61,Male,North,41686.86,5,34.8,4.72,1,0.63,1501.82,1
CUST1176,39,Male,South,,4,40.3,6.3,2,0.55,2377.02,1
CUST1335,21,Female,North,33396.94,4,69.3,6.07,6,0.68,1970.03,1
CUST1379,23,F,West,36121.09,1,43.2,8.21,1,0.65,1102.1,0
CUST1545,62,Male,North,-1.0,1,53.8,6.17,4,0.61,2416.01,1
CUST1171,53,Male,West,31759.76,7,21.0,3.69,6,0.78,3678.43,1
CUST1519,63,Female,North,43929.68,5,79.0,8.81,3,0.35,2496.01,1
CUST1507,43,Male,East,37894.04,5,62.7,18.95,5,0.57,2382.43,1
CUST1152,32,Female,South,66279.09,4,78.0,10.09,4,0.26,2389.8,1
CUST1618,49,Male,West,93805.93,0,67.6,2.77,6,0.84,5743.13,1
CUST1413,43,Male,West,8000.0,0,53.0,6.15,0,0.98,767.41,0
CUST1609,52,Male,North,82426.32,3,32.7,2.23,2,0.57,2052.01,1
CUST1622,30,Male,West,85341.67,11,63.2,3.55,0,0.03,2808.61,1
CUST1581,52,Female,North,24079.71,9,71.1,4.06,4,0.68,2672.49,1
CUST1641,29,Male,South,29584.7,11,49.0,16.51,6,0.5,2771.48,1
CUST1316,53,Male,East,49072.04,10,11.5,2.14,2,0.23,1556.8,0
CUST1258,23,Male,East,63017.18,4,50.6,3.04,4,0.29,5311.18,1
CUST1662,59,Male,West,46188.29,0,42.8,4.96,2,0.34,2731.73,1
CUST1474,69,Male,North,58053.75,11,78.2,9.59,0,0.75,3285.51,1
CUST1337,31,Male,North,50996.9,4,28.4,6.45,3,0.5,2112.33,1
CUST1538,69,Female,South,91367.24,4,70.7,8.64,4,0.72,3519.02,1
CUST1504,46,Male,South,43518.64,5,56.0,,3,0.94,3562.27,1
CUST1398,59,Female,South,79387.21,4,36.1,8.39,5,0.45,4647.06,1
CUST1423,43,Male,North,20718.78,6,56.8,2.35,3,0.83,2558.6,0
CUST1605,26,Male,East,50067.43,4,44.5,4.41,3,0.69,2947.16,1
CUST1660,56,Male,South,42895.19,2,32.9,9.0,3,0.69,2655.23,1
CUST1480,36,Male,West,52604.95,3,54.6,6.77,3,0.93,3152.59,1
CUST1422,59,Female,North,80995.12,2,35.0,1.07,4,0.87,21717.12,1
CUST1119,56,Male,North,34554.42,11,91.8,,1,0.5,3383.47,1
CUST1650,33,Male,North,,11,32.7,8.41,4,0.58,3634.14,1
CUST1681,63,male,East,25728.08,3,69.2,,4,0.93,3200.52,1
CUST1714,36,F,North,85883.61,7,20.2,2.38,4,0.6,3816.63,0
CUST1659,33,Male,North,30465.29,1,77.9,11.59,5,0.56,3509.65,1
CUST1789,46,Female,South,46323.16,5,64.0,9.58,3,0.04,2793.54,1
CUST1256,50,Male,West,42895.58,1,80.3,9.1,3,0.8,3800.07,1
CUST1643,24,Male,North,47441.81,0,46.4,12.33,5,0.17,2141.38,1
CUST1249,69,Female,West,56487.81,3,58.6,2.15,4,0.06,3415.5,1
CUST1664,31,F,North,46426.59,5,64.1,1.37,1,0.48,1063.26,0
